Workbook

Sheet Deflactados
C1: Export | F1: Import
C2: Canada | D2: Mexico | E2: USA | F2: Canada | G2: Mexico | H2: USA
B3: 1994 | C3: =('Expor limpio'!C3/IPC!C3)*100 -> 16668360 | D3: =('Expor limpio'!D3/IPC!C3)*100 -> 5560084.6 | E3: =('Expor limpio'!E3/IPC!C3)*100 -> 53480896 | F3: =('Import limpio'!C3/IPC!C3)*100 -> 8322783.8 | G3: =('Import limpio'!D3/IPC!C3)*100 -> 7700594.4 | H3: =('Import limpio'!E3/IPC!C3)*100 -> 36506584
B4: 1995 | C4: =('Expor limpio'!C4/IPC!C4)*100 -> 18474071 | D4: =('Expor limpio'!D4/IPC!C4)*100 -> 7756393.7 | E4: =('Expor limpio'!E4/IPC!C4)*100 -> 65106495 | F4: =('Import limpio'!C4/IPC!C4)*100 -> 8661011.4 | G4: =('Import limpio'!D4/IPC!C4)*100 -> 5365186.1 | H4: =('Import limpio'!E4/IPC!C4)*100 -> 38307988
B5: 1996 | C5: =('Expor limpio'!C5/IPC!C5)*100 -> 19863175 | D5: =('Expor limpio'!D5/IPC!C5)*100 -> 6894288.6 | E5: =('Expor limpio'!E5/IPC!C5)*100 -> 69908776 | F5: =('Import limpio'!C5/IPC!C5)*100 -> 8701443.3 | G5: =('Import limpio'!D5/IPC!C5)*100 -> 8626311.7 | H5: =('Import limpio'!E5/IPC!C5)*100 -> 38089136
B6: 1997 | C6: =('Expor limpio'!C6/IPC!C6)*100 -> 20969270 | D6: =('Expor limpio'!D6/IPC!C6)*100 -> 7407304.8 | E6: =('Expor limpio'!E6/IPC!C6)*100 -> 59927726 | F6: =('Import limpio'!C6/IPC!C6)*100 -> 9203661.5 | G6: =('Import limpio'!D6/IPC!C6)*100 -> 8182406.7 | H6: =('Import limpio'!E6/IPC!C6)*100 -> 42279279
B7: 1998 | C7: =('Expor limpio'!C7/IPC!C7)*100 -> 18740030 | D7: =('Expor limpio'!D7/IPC!C7)*100 -> 7605211.7 | E7: =('Expor limpio'!E7/IPC!C7)*100 -> 51598791 | F7: =('Import limpio'!C7/IPC!C7)*100 -> 9212096.4 | G7: =('Import limpio'!D7/IPC!C7)*100 -> 8520432.5 | H7: =('Import limpio'!E7/IPC!C7)*100 -> 43263261
B8: 1999 | C8: =('Expor limpio'!C8/IPC!C8)*100 -> 17733181 | D8: =('Expor limpio'!D8/IPC!C8)*100 -> 7387864.5 | E8: =('Expor limpio'!E8/IPC!C8)*100 -> 50390355 | F8: =('Import limpio'!C8/IPC!C8)*100 -> 9338214.4 | G8: =('Import limpio'!D8/IPC!C8)*100 -> 8460450.2 | H8: =('Import limpio'!E8/IPC!C8)*100 -> 43825821
B9: 2000 | C9: =('Expor limpio'!C9/IPC!C9)*100 -> 18602412 | D9: =('Expor limpio'!D9/IPC!C9)*100 -> 7668351.3 | E9: =('Expor limpio'!E9/IPC!C9)*100 -> 51546813 | F9: =('Import limpio'!C9/IPC!C9)*100 -> 9591891.2 | G9: =('Import limpio'!D9/IPC!C9)*100 -> 9289949.1 | H9: =('Import limpio'!E9/IPC!C9)*100 -> 41586149
B10: 2001 | C10: =('Expor limpio'!C10/IPC!C10)*100 -> 19749791 | D10: =('Expor limpio'!D10/IPC!C10)*100 -> 7035741.2 | E10: =('Expor limpio'!E10/IPC!C10)*100 -> 50778567 | F10: =('Import limpio'!C10/IPC!C10)*100 -> 9781186.8 | G10: =('Import limpio'!D10/IPC!C10)*100 -> 10483188 | H10: =('Import limpio'!E10/IPC!C10)*100 -> 39993792
B11: 2002 | C11: =('Expor limpio'!C11/IPC!C11)*100 -> 18543319 | D11: =('Expor limpio'!D11/IPC!C11)*100 -> 6587559.9 | E11: =('Expor limpio'!E11/IPC!C11)*100 -> 50344970 | F11: =('Import limpio'!C11/IPC!C11)*100 -> 9964286.9 | G11: =('Import limpio'!D11/IPC!C11)*100 -> 10469025 | H11: =('Import limpio'!E11/IPC!C11)*100 -> 43538214
B12: 2003 | C12: =('Expor limpio'!C12/IPC!C12)*100 -> 18349747 | D12: =('Expor limpio'!D12/IPC!C12)*100 -> 7549435.6 | E12: =('Expor limpio'!E12/IPC!C12)*100 -> 55503758 | F12: =('Import limpio'!C12/IPC!C12)*100 -> 10435047 | G12: =('Import limpio'!D12/IPC!C12)*100 -> 10873110 | H12: =('Import limpio'!E12/IPC!C12)*100 -> 45547968
B13: 2004 | C13: =('Expor limpio'!C13/IPC!C13)*100 -> 20619614 | D13: =('Expor limpio'!D13/IPC!C13)*100 -> 8293917.4 | E13: =('Expor limpio'!E13/IPC!C13)*100 -> 55207351 | F13: =('Import limpio'!C13/IPC!C13)*100 -> 10560323 | G13: =('Import limpio'!D13/IPC!C13)*100 -> 11634248 | H13: =('Import limpio'!E13/IPC!C13)*100 -> 48496914
B14: 2005 | C14: =('Expor limpio'!C14/IPC!C14)*100 -> 21281028 | D14: =('Expor limpio'!D14/IPC!C14)*100 -> 8641986.5 | E14: =('Expor limpio'!E14/IPC!C14)*100 -> 55272306 | F14: =('Import limpio'!C14/IPC!C14)*100 -> 11372350 | G14: =('Import limpio'!D14/IPC!C14)*100 -> 11836643 | H14: =('Import limpio'!E14/IPC!C14)*100 -> 50994557
... B33: 2024 | C33: =('Expor limpio'!C33/IPC!C33)*100 -> 70580606 | D33: =('Expor limpio'!D33/IPC!C33)*100 -> 25899527 | E33: =('Expor limpio'!E33/IPC!C33)*100 -> 93594133 | F33: =('Import limpio'!C33/IPC!C33)*100 -> 38231445 | G33: =('Import limpio'!D33/IPC!C33)*100 -> 38185299 | H33: =('Import limpio'!E33/IPC!C33)*100 -> 93027605

Sheet IPC
C2: IPC Base 2018
B3: 1994 | C3: 59.018665
B4: 1995 | C4: 60.691259
B5: 1996 | C5: 62.483324
B6: 1997 | C6: 63.916976
B7: 1998 | C7: 64.912567
B8: 1999 | C8: 66.346219
B9: 2000 | C9: 68.576344
B10: 2001 | C10: 70.527703
B11: 2002 | C11: 71.642766
B12: 2003 | C12: 73.275536
B13: 2004 | C13: 75.226895
B14: 2005 | C14: 77.77561
... B33: 2024 | C33: 124.92244

Sheet Expor limpio
B2: País | C2: Canada | D2: Mexico | E2: USA
B3: 1994 | C3: 9837443.9 | D3: 3281487.7 | E3: 31563711
B4: 1995 | C4: 11212146 | D4: 4707453 | E4: 39513952
B5: 1996 | C5: 12411172 | D5: 4307780.6 | E5: 43681327
B6: 1997 | C6: 13402923 | D6: 4734525.2 | E6: 38303990
B7: 1998 | C7: 12164634 | D7: 4936738.1 | E7: 33494100
B8: 1999 | C8: 11765295 | D8: 4901568.8 | E8: 33432095
B9: 2000 | C9: 12756854 | D9: 5258675 | E9: 35348920
B10: 2001 | C10: 13929074 | D10: 4962146.7 | E10: 35812957
B11: 2002 | C11: 13284947 | D11: 4719510.1 | E11: 36068529
B12: 2003 | C12: 13445875 | D12: 5531889.4 | E12: 40670676
B13: 2004 | C13: 15511495 | D13: 6239256.5 | E13: 41530776
B14: 2005 | C14: 16551450 | D14: 6721357.7 | E14: 42988373
... B33: 2024 | C33: 88171018 | D33: 32354323 | E33: 1.1692008e+08

Sheet Import limpio
B2: País | C2: Canada | D2: Mexico | E2: USA
B3: 1994 | C3: 4911995.9 | D3: 4544788 | E3: 21545699
B4: 1995 | C4: 5256476.9 | D4: 3256199 | E4: 23249600
B5: 1996 | C5: 5436951 | D5: 5390006.3 | E5: 23799358
B6: 1997 | C6: 5882702.1 | D6: 5229946.9 | E6: 27023636
B7: 1998 | C7: 5979808.3 | D7: 5530831.5 | E7: 28083293
B8: 1999 | C8: 6195552.1 | D8: 5613188.8 | E8: 29076775
B9: 2000 | C9: 6577768.3 | D9: 6370707.5 | E9: 28518261
B10: 2001 | C10: 6898446.4 | D10: 7393551.4 | E10: 28206703
B11: 2002 | C11: 7138690.7 | D11: 7500299.2 | E11: 31191981
B12: 2003 | C12: 7646336.8 | D12: 7967329.3 | E12: 33375517
B13: 2004 | C13: 7944202.9 | D13: 8752083.4 | E13: 36482722
B14: 2005 | C14: 8844914.7 | D14: 9206021.3 | E14: 39661328
... B33: 2024 | C33: 47759655 | D33: 47702009 | E33: 1.1621236e+08

Sheet Importaciones
A1: Importaciones — Capítulos 01–15 SA | México, EE.UU., Canadá (USD)
A2: Fuente: UN Comtrade | Capítulos 01–14 SA | Suma anual por país | 1994–2024
A3: País | B3: 1994 | C3: 1995 | D3: 1996 | E3: 1997 | F3: 1998 | G3: 1999 | H3: 2000 | I3: 2001 | J3: 2002 | K3: 2003 | L3: 2004 | M3: 2005 | N3: 2006 | O3: 2007 | P3: 2008 | Q3: 2009 | R3: 2010 | S3: 2011 | T3: 2012 | U3: 2013 | V3: 2014 | W3: 2015 | X3: 2016 | Y3: 2017 | Z3: 2018 | AA3: 2019 | AB3: 2020 | AC3: 2021 | AD3: 2022 | AE3: 2023 | AF3: 2024
A4: Canada | B4: 4911995899 | C4: 5256476893 | D4: 5436951005 | E4: 5882702097 | F4: 5979808260 | G4: 6195552139 | H4: 6577768304 | I4: 6898446416 | J4: 7138690732 | K4: 7646336820 | L4: 7944202851 | M4: 8844914719 | N4: 9715249135 | O4: 11405433238 | P4: 12624261129 | Q4: 11996759553 | R4: 13290756738 | S4: 15476799816 | T4: 16157560202 | U4: 16555440742 | V4: 17287085961 | W4: 3.3334353e+10 | X4: 3.2988539e+10 | Y4: 3.4521391e+10 | Z4: 3.5567925e+10 | AA4: 3.6307823e+10 | AB4: 3.649557e+10 | AC4: 4.2383143e+10 | AD4: 4.7435033e+10 | AE4: 4.5040299e+10 | AF4: 4.7759655e+10
A5: Mexico | B5: 4544788032 | C5: 3256198984 | D5: 5390006292 | E5: 5229946872 | F5: 5530831455 | G5: 5613188844 | H5: 6370707457 | I5: 7393551417 | J5: 7500299169 | K5: 7967329350 | L5: 8752083417 | M5: 9206021268 | N5: 10349345037 | O5: 12739778177 | P5: 15565746344 | Q5: 11791725603 | R5: 13318049477 | S5: 17010039073 | T5: 17677582739 | U5: 17221822800 | V5: 36057439298 | W5: 31953165740 | X5: 32083292866 | Y5: 34606210526 | Z5: 36504009942 | AA5: 37746034396 | AB5: 35560882796 | AC5: 50387501428 | AD5: 48382943259 | AE5: 47721588399 | AF5: 47702008994
A6: USA | B6: 21545698899 | C6: 23249600144 | D6: 23799357978 | E6: 27023636313 | F6: 28083293033 | G6: 29076775163 | H6: 28518260879 | I6: 28206702970 | J6: 31191980613 | K6: 33375517467 | L6: 36482722375 | M6: 39661327754 | N6: 42838052790 | O6: 47221133246 | P6: 50529328249 | Q6: 46234947462 | R6: 51997361997 | S6: 61277466684 | T6: 66024194972 | U6: 68767350999 | V6: 76419108922 | W6: 75940436974 | X6: 75577110159 | Y6: 80284953503 | Z6: 82957994488 | AA6: 84454794129 | AB6: 85325803329 | AC6: 101894536182 | AD6: 114497874087 | AE6: 108463238611 | AF6: 116212356917
A8: En miles de USD
A9: País | B9: 1994 | C9: 1995 | D9: 1996 | E9: 1997 | F9: 1998 | G9: 1999 | H9: 2000 | I9: 2001 | J9: 2002 | K9: 2003 | L9: 2004 | M9: 2005 | N9: 2006 | O9: 2007 | P9: 2008 | Q9: 2009 | R9: 2010 | S9: 2011 | T9: 2012 | U9: 2013 | V9: 2014 | W9: 2015 | X9: 2016 | Y9: 2017 | Z9: 2018 | AA9: 2019 | AB9: 2020 | AC9: 2021 | AD9: 2022 | AE9: 2023 | AF9: 2024
A10: Canada | B10: =B4/1000 -> 4911995.9 | C10: =C4/1000 -> 5256476.9 | D10: =D4/1000 -> 5436951 | E10: =E4/1000 -> 5882702.1 | F10: =F4/1000 -> 5979808.3 | G10: =G4/1000 -> 6195552.1 | H10: =H4/1000 -> 6577768.3 | I10: =I4/1000 -> 6898446.4 | ... AF10: =AF4/1000 -> 47759655
A11: Mexico | B11: =B5/1000 -> 4544788 | C11: =C5/1000 -> 3256199 | D11: =D5/1000 -> 5390006.3 | E11: =E5/1000 -> 5229946.9 | F11: =F5/1000 -> 5530831.5 | G11: =G5/1000 -> 5613188.8 | H11: =H5/1000 -> 6370707.5 | I11: =I5/1000 -> 7393551.4 | ... AF11: =AF5/1000 -> 47702009
A12: USA | B12: =B6/1000 -> 21545699 | C12: =C6/1000 -> 23249600 | D12: =D6/1000 -> 23799358 | E12: =E6/1000 -> 27023636 | F12: =F6/1000 -> 28083293 | G12: =G6/1000 -> 29076775 | H12: =H6/1000 -> 28518261 | I12: =I6/1000 -> 28206703 | ... AF12: =AF6/1000 -> 1.1621236e+08

Sheet Exportaciones
A1: Exportaciones — Capítulos 01–15 SA | México, EE.UU., Canadá (USD)
A2: Fuente: UN Comtrade | Capítulos 01–15 SA | Suma anual por país | 1994–2024
A3: País | B3: 1994 | C3: 1995 | D3: 1996 | E3: 1997 | F3: 1998 | G3: 1999 | H3: 2000 | I3: 2001 | J3: 2002 | K3: 2003 | L3: 2004 | M3: 2005 | N3: 2006 | O3: 2007 | P3: 2008 | Q3: 2009 | R3: 2010 | S3: 2011 | T3: 2012 | U3: 2013 | V3: 2014 | W3: 2015 | X3: 2016 | Y3: 2017 | Z3: 2018 | AA3: 2019 | AB3: 2020 | AC3: 2021 | AD3: 2022 | AE3: 2023 | AF3: 2024
A4: Canada | B4: 9837443877 | C4: 11212146463 | D4: 12411172090 | E4: 13402923335 | F4: 12164634247 | G4: 11765295120 | H4: 12756854235 | I4: 13929074249 | J4: 13284946599 | K4: 13445875306 | L4: 15511495198 | M4: 16551449543 | N4: 18687384674 | O4: 22704500782 | P4: 28866500962 | Q4: 24080658238 | R4: 25995792093 | S4: 30199931647 | T4: 31953838079 | U4: 32846794310 | V4: 35643834095 | W4: 6.569914e+10 | X4: 6.3003574e+10 | Y4: 6.6561339e+10 | Z4: 6.7215026e+10 | AA4: 6.489253e+10 | AB4: 7.270409e+10 | AC4: 8.4414346e+10 | AD4: 8.8795325e+10 | AE4: 8.9865393e+10 | AF4: 8.8171018e+10
A5: Mexico | B5: 3281487733 | C5: 4707453016 | D5: 4307780647 | E5: 4734525182 | F5: 4936738140 | G5: 4901568760 | H5: 5258674981 | I5: 4962146702 | J5: 4719510137 | K5: 5531889405 | L5: 6239256534 | M5: 6721357691 | N5: 7580554793 | O5: 8308967229 | P5: 8997684669 | Q5: 8760080298 | R5: 9781274097 | S5: 11993471686 | T5: 12843047222 | U5: 13247933643 | V5: 29360334612 | W5: 31431756192 | X5: 34921687458 | Y5: 37644579450 | Z5: 39208312380 | AA5: 42104134394 | AB5: 44128836364 | AC5: 48547568012 | AD5: 30428858824 | AE5: 30371905935 | AF5: 32354322558
A6: USA | B6: 31563711327 | C6: 39513951724 | D6: 43681326687 | E6: 38303989766 | F6: 33494099774 | G6: 33432094969 | H6: 35348919985 | I6: 35812957233 | J6: 36068529166 | K6: 40670675829 | L6: 41530776229 | M6: 42988373302 | N6: 47934085615 | O6: 63338203566 | P6: 83017537996 | Q6: 69335831068 | R6: 79652388842 | S6: 94941372372 | T6: 98513988628 | U6: 98608324552 | V6: 105475469147 | W6: 90067274548 | X6: 93841097914 | Y6: 96201315862 | Z6: 95454718045 | AA6: 93609240155 | AB6: 102369191693 | AC6: 123071303760 | AD6: 134348074499 | AE6: 117012061915 | AF6: 116920077780
A8: En miles de USD
A9: País | B9: 1994 | C9: 1995 | D9: 1996 | E9: 1997 | F9: 1998 | G9: 1999 | H9: 2000 | I9: 2001 | J9: 2002 | K9: 2003 | L9: 2004 | M9: 2005 | N9: 2006 | O9: 2007 | P9: 2008 | Q9: 2009 | R9: 2010 | S9: 2011 | T9: 2012 | U9: 2013 | V9: 2014 | W9: 2015 | X9: 2016 | Y9: 2017 | Z9: 2018 | AA9: 2019 | AB9: 2020 | AC9: 2021 | AD9: 2022 | AE9: 2023 | AF9: 2024
A10: Canada | B10: =B4/1000 -> 9837443.9 | C10: =C4/1000 -> 11212146 | D10: =D4/1000 -> 12411172 | E10: =E4/1000 -> 13402923 | F10: =F4/1000 -> 12164634 | G10: =G4/1000 -> 11765295 | H10: =H4/1000 -> 12756854 | I10: =I4/1000 -> 13929074 | ... AF10: =AF4/1000 -> 88171018
A11: Mexico | B11: =B5/1000 -> 3281487.7 | C11: =C5/1000 -> 4707453 | D11: =D5/1000 -> 4307780.6 | E11: =E5/1000 -> 4734525.2 | F11: =F5/1000 -> 4936738.1 | G11: =G5/1000 -> 4901568.8 | H11: =H5/1000 -> 5258675 | I11: =I5/1000 -> 4962146.7 | ... AF11: =AF5/1000 -> 32354323
A12: USA | B12: =B6/1000 -> 31563711 | C12: =C6/1000 -> 39513952 | D12: =D6/1000 -> 43681327 | E12: =E6/1000 -> 38303990 | F12: =F6/1000 -> 33494100 | G12: =G6/1000 -> 33432095 | H12: =H6/1000 -> 35348920 | I12: =I6/1000 -> 35812957 | ... AF12: =AF6/1000 -> 1.1692008e+08
